Изображение;Цена;Скидка;Бренд;Название
;11 625 ₽;11 625 ₽15 500 ₽-25%;FIRSTTRY/;Косуха
Изображение;Цена;Скидка;Бренд;Название
;11 625 ₽;11 625 ₽15 500 ₽-25%;FIRSTTRY/;Косуха
;2 823 ₽;2 823 ₽4 919 ₽-42%;Город Горький/;Анорак
Изображение;Цена;Скидка;Бренд;Название
;11 625 ₽;11 625 ₽15 500 ₽-25%;FIRSTTRY/;Косуха
;2 823 ₽;2 823 ₽4 919 ₽-42%;Город Горький/;Анорак
;1 396 ₽;1 396 ₽2 190 ₽-36%;Ipapai/;Дождевик
Изображение;Цена;Скидка;Бренд;Название
;11 625 ₽;11 625 ₽15 500 ₽-25%;FIRSTTRY/;Косуха
;2 823 ₽;2 823 ₽4 919 ₽-42%;Город Горький/;Анорак
;1 396 ₽;1 396 ₽2 190 ₽-36%;Ipapai/;Дождевик
;9 921 ₽;9 921 ₽13 780 ₽-28%;Fenix Wear/;Куртка фитнес / бег / спорт / туризм / йога
