Название;Фотки;Цена;Наличии;Корзина;Kредит;Покупка
Ноутбук Sony Vaio VPC-YB2L1R AMD Fusion E-350 2GB DDR3 320GB HDD серебристый;https://www.kivano.kg//images/product/68352/1622355077_67139000.png;19950 сом;На складе;В корзину;Онлайн кредит;Купить
Ноутбук Lenovo IdeaPad L340 AMD Ryzen 5-3500U 4GB DDR 128GB SSD AMD Radeon Vega 8 Graphics FHD DOS черный;https://www.kivano.kg//images/product/96512/1629351967_97341200.png;39890 сом;На складе;В корзину;Онлайн кредит;Купить
Ноутбук Asus X509JA Intel Core i3-1005G1 20GB DDR4 256GB SSD FHD DOS Grey;https://www.kivano.kg//images/product/90625/1617333009_01636100.png;51380 сом;На складе;В корзину;Онлайн кредит;Купить
Ноутбук Lenovo Ideapad 3 15IGL05 Intel Celeron N4120 4GB DDR4 128GB SSD DOS Platinum Grey;https://www.kivano.kg//images/product/92417/1620920685_99540200.jpg;34750 сом-8%32140 сом;На складе;В корзину;Онлайн кредит;Купить
Ноутбук Lenovo IdeaPad L340 AMD Ryzen 5-3500U 4GB DDR 1000GB HDD + 128GB SSD AMD Radeon Vega 8 Graphics FHD DOS черный;https://www.kivano.kg//images/product/96513/1629352090_88627500.png;43980 сом;На складе;В корзину;Онлайн кредит;Купить
Ноутбук Lenovo Ideapad 3 15IGL05 Intel Celeron N4120 4GB DDR4 480GB SSD DOS Platinum Grey;https://www.kivano.kg//images/product/92418/1620920705_52612600.jpg;39200 сом;На складе;В корзину;Онлайн кредит;Купить
Ноутбук Lenovo IdeaPad L340 AMD Ryzen 5-3500U 4GB DDR 1000GB HDD + 256GB SSD AMD Radeon Vega 8 Graphics FHD DOS черный;https://www.kivano.kg//images/product/96514/1629352184_23254000.png;45720 сом;На складе;В корзину;Онлайн кредит;Купить
Ноутбук Lenovo IdeaPad L340 AMD Ryzen 5-3500U 4GB DDR 1000GB HDD + 512GB SSD AMD Radeon Vega 8 Graphics FHD DOS черный;https://www.kivano.kg//images/product/96515/1629352276_61994000.png;48330 сом;На складе;В корзину;Онлайн кредит;Купить
Ноутбук Lenovo IdeaPad L340 AMD Ryzen 5-3500U 4GB DDR 1000GB HDD AMD Radeon Vega 8 Graphics FHD DOS черный;https://www.kivano.kg//images/product/96516/1629352395_00340400.png;39630 сом;На складе;В корзину;Онлайн кредит;Купить
Ноутбук Lenovo IdeaPad L340 AMD Ryzen 5-3500U 4GB DDR 256GB SSD AMD Radeon Vega 8 Graphics FHD DOS черный;https://www.kivano.kg//images/product/96517/1629352498_22862800.png;41550 сом;На складе;В корзину;Онлайн кредит;Купить
Ноутбук Lenovo IdeaPad L340 AMD Ryzen 5-3500U 4GB DDR 480GB SSD AMD Radeon Vega 8 Graphics FHD DOS черный;https://www.kivano.kg//images/product/96518/1629352607_81071100.png;43720 сом;На складе;В корзину;Онлайн кредит;Купить
Ноутбук MSI GF63 Thin 9SCSR-898XRU Intel Core i5-9300H 8GB DDR4 1000GB HDD Nvidia GTX 1650Ti 4GB FHD DOS черный;https://www.kivano.kg//images/product/90887/1617961228_50494600.jpg;72640 сом;На складе;В корзину;Онлайн кредит;Купить
Ноутбук Asus X515MA Intel Celeron N4120 8GB DDR4 240GB SSD W10 Grey;https://www.kivano.kg//images/product/92679/1621497953_77010600.png;36420 сом;На складе;В корзину;Онлайн кредит;Купить
Ноутбук Lenovo IdeaPad L340 AMD Ryzen 5-3500U 8GB DDR 128GB SSD AMD Radeon Vega 8 Graphics FHD DOS черный;https://www.kivano.kg//images/product/96519/1629352739_81829300.png;41290 сом;На складе;В корзину;Онлайн кредит;Купить
Ноутбук Asus X515MA Intel Pentium N5030 4GB DDR4 512GB SSD FHD DOS Grey;https://www.kivano.kg//images/product/92680/1621498801_69153200.png;37110 сом;На складе;В корзину;Онлайн кредит;Купить
Ноутбук Lenovo IdeaPad L340 AMD Ryzen 5-3500U 8GB DDR 256GB SSD AMD Radeon Vega 8 Graphics FHD DOS черный;https://www.kivano.kg//images/product/96520/1629352828_95405200.png;43720 сом;На складе;В корзину;Онлайн кредит;Купить
Ноутбук Asus X515MA Intel Pentium N5030 8GB DDR4 512GB SSD FHD DOS Grey;https://www.kivano.kg//images/product/92681/1621498840_52330800.png;39280 сом;На складе;В корзину;Онлайн кредит;Купить
Ноутбук Lenovo IdeaPad L340-15API AMD Ryzen 5 3500U 8GB DDR 1000GB HDD Radeon Vega 8 Graphics HD DOS серый;https://www.kivano.kg//images/product/93193/1622360045_94291800.png;40500 сом;На складе;В корзину;Онлайн кредит;Купить
Ноутбук Lenovo IdeaPad L340 AMD Ryzen 5-3500U 8GB DDR 480GB SSD AMD Radeon Vega 8 Graphics FHD DOS черный;https://www.kivano.kg//images/product/96521/1629352919_46217900.png;45980 сом;На складе;В корзину;Онлайн кредит;Купить
Ноутбук Asus X509JA Intel Core i7-1065G7 8GB DDR4 256GB SSD FHD W10 Slate Gray;https://www.kivano.kg//images/product/87818/1611828874_78165200.png;83040 сом;На складе;В корзину;Онлайн кредит;Купить
Ноутбук Lenovo Ideapad S145-15IIL Intel Core i5-1035G1 8GB DDR4 128GB SSD Intel UHD Graphics FHD DOS Grey;https://www.kivano.kg//images/product/95754/1627618283_83385400.jpg;52240 сом;На складе;В корзину;Онлайн кредит;Купить
Ноутбук Asus Vivobook X413J Intel Core i5-1035G1 8GB DDR4 128GB SSD FHD DOS Transparent Silver;https://www.kivano.kg//images/product/96522/1629360331_43746100.jpg;56150 сом;На складе;В корзину;Онлайн кредит;Купить
Ноутбук Asus Vivobook X413J Intel Core i5-1035G1 8GB DDR4 256GB SSD FHD DOS Transparent Silver;https://www.kivano.kg//images/product/96523/1629360345_96974600.jpg;57020 сом;На складе;В корзину;Онлайн кредит;Купить
Ноутбук Asus X509JA Intel Core i3-1005G1 4GB DDR4 512GB SSD FHD DOS Grey;https://www.kivano.kg//images/product/95500/1626926914_44961100.png;45900 сом;На складе;В корзину;Онлайн кредит;Купить
Ноутбук Asus Vivobook X413J Intel Core i5-1035G1 8GB DDR4 512GB SSD FHD DOS Transparent Silver;https://www.kivano.kg//images/product/96524/1629360359_46137000.jpg;59630 сом;На складе;В корзину;Онлайн кредит;Купить
Ноутбук Asus Vivobook X413J Intel Core i5-1035G1 8GB DDR4 512GB SSD + 128GB SSD FHD DOS Transparent Silver;https://www.kivano.kg//images/product/96525/1629360369_65305100.jpg;62240 сом;На складе;В корзину;Онлайн кредит;Купить
Ноутбук Asus X509JA Intel Core i3-1005G1 12GB DDR4 512GB SSD FHD DOS Grey;https://www.kivano.kg//images/product/95502/1626927083_08460100.png;49380 сом;На складе;В корзину;Онлайн кредит;Купить
Ноутбук Asus Vivobook X413J Intel Core i5-1035G1 8GB DDR4 512GB SSD + 256GB SSD FHD DOS Transparent Silver;https://www.kivano.kg//images/product/96526/1629360382_15035100.jpg;64830 сом;На складе;В корзину;Онлайн кредит;Купить
Ноутбук HP 250 G7 Intel Core i3-8130U 4GB DDR4 1000GB HDD NVIDIA MX110 FHD DOS;https://www.kivano.kg//images/product/83215/1598527561_38289000.jpg;49640 сом;На складе;В корзину;Онлайн кредит;Купить
Ноутбук Lenovo Ideapad V15-IIL Intel Core i3-1005G1 4GB DDR 128GB SSD Intel HD Graphics FHD DOS серый;https://www.kivano.kg//images/product/92687/1622360500_49810000.jpg;39630 сом;На складе;В корзину;Онлайн кредит;Купить
Ноутбук Asus X509JA Intel Core i3-1005G1 20GB DDR4 512GB SSD FHD DOS Grey;https://www.kivano.kg//images/product/95503/1626927119_91429400.png;51900 сом;На складе;В корзину;Онлайн кредит;Купить
Ноутбук Asus Vivobook X413J Intel Core i5-1035G1 8GB DDR4 512GB SSD + 512GB SSD FHD DOS Transparent Silver;https://www.kivano.kg//images/product/96527/1629360403_26556000.jpg;67430 сом;На складе;В корзину;Онлайн кредит;Купить
Ноутбук HP 250 G7 Intel Core i3-8130U 8GB DDR4 1000GB HDD NVIDIA MX110 FHD DOS;https://www.kivano.kg//images/product/83216/1598527579_00911700.jpg;50590 сом;На складе;В корзину;Онлайн кредит;Купить
Ноутбук Lenovo Ideapad V15-IIL Intel Core i3-1005G1 4GB DDR 256GB SSD Intel HD Graphics FHD DOS серый;https://www.kivano.kg//images/product/92688/1622361063_12775200.jpg;41810 сом;На складе;В корзину;Онлайн кредит;Купить
Ноутбук Acer Travelmate B1 TMB118-M Intel Celeron N4120 4GB DDR4 64GB EMMC DOS Black;https://www.kivano.kg//images/product/89617/1614854895_76080400.jpg;26550 сом;На складе;В корзину;Онлайн кредит;Купить
Ноутбук Lenovo Ideapad V15-IIL Intel Core i3-1005G1 4GB DDR 500GB HDD Intel HD Graphics FHD DOS серый;https://www.kivano.kg//images/product/92689/1622361029_46706000.jpg;39630 сом;На складе;В корзину;Онлайн кредит;Купить
Ноутбук HP 250 G7 Intel Core i3-8130U 4GB DDR4 256GB SSD NVIDIA MX110 FHD DOS;https://www.kivano.kg//images/product/83218/1598527607_26219300.jpg;50940 сом;На складе;В корзину;Онлайн кредит;Купить
Ноутбук Lenovo Ideapad V15-IIL Intel Core i3-1005G1 4GB DDR 1000GB HDD Intel HD Graphics FHD DOS серый;https://www.kivano.kg//images/product/92690/1622360994_59259500.jpg;40500 сом;На складе;В корзину;Онлайн кредит;Купить
Ноутбук Lenovo IdeaPad L340 AMD Ryzen 5-3500U 8GB DDR 1000GB HDD AMD Radeon Vega 8 Graphics FHD DOS черный;https://www.kivano.kg//images/product/96530/1629361721_75639900.png;41110 сом;На складе;В корзину;Онлайн кредит;Купить
Ноутбук HP 250 G7 Intel Core i3-8130U 8GB DDR4 256GB SSD NVIDIA MX110 FHD DOS;https://www.kivano.kg//images/product/83219/1598527623_60390800.jpg;53110 сом;На складе;В корзину;Онлайн кредит;Купить
Ноутбук Lenovo Ideapad V15-IIL Intel Core i3-1005G1 4GB DDR 1000GB HDD + 128GB SSD Intel HD Graphics FHD DOS серый;https://www.kivano.kg//images/product/92691/1622360959_11459300.jpg;42240 сом;На складе;В корзину;Онлайн кредит;Купить
Ноутбук Lenovo IdeaPad L340 AMD Ryzen 5-3500U 8GB DDR 1000GB HDD + 128GB SSD AMD Radeon Vega 8 Graphics FHD DOS черный;https://www.kivano.kg//images/product/96531/1629361828_22463700.png;45720 сом;На складе;В корзину;Онлайн кредит;Купить
Ноутбук Lenovo Ideapad V15-IIL Intel Core i3-1005G1 4GB DDR 1000GB HDD + 256GB SSD Intel HD Graphics FHD DOS серый;https://www.kivano.kg//images/product/92692/1622360915_80629700.jpg;43980 сом;На складе;В корзину;Онлайн кредит;Купить
Ноутбук Lenovo IdeaPad L340 AMD Ryzen 5-3500U 8GB DDR 1000GB HDD + 256GB SSD AMD Radeon Vega 8 Graphics FHD DOS черный;https://www.kivano.kg//images/product/96532/1629361924_11915500.png;48330 сом;На складе;В корзину;Онлайн кредит;Купить
Ноутбук HP 250 G7 Intel Core i3-8130U 4GB DDR4 512GB SSD NVIDIA MX110 FHD DOS;https://www.kivano.kg//images/product/83221/1598527649_69593500.jpg;53550 сом;На складе;В корзину;Онлайн кредит;Купить
Ноутбук Lenovo Ideapad V15-IIL Intel Core i3-1005G1 8GB DDR 128GB SSD Intel HD Graphics FHD DOS серый;https://www.kivano.kg//images/product/92693/1622360883_75164400.jpg;41370 сом;На складе;В корзину;Онлайн кредит;Купить
Ноутбук Lenovo IdeaPad L340 AMD Ryzen 5-3500U 8GB DDR 1000GB HDD + 512GB SSD AMD Radeon Vega 8 Graphics FHD DOS черный;https://www.kivano.kg//images/product/96533/1629362020_28998800.png;50940 сом;На складе;В корзину;Онлайн кредит;Купить
Ноутбук Lenovo Ideapad V15-IIL Intel Core i3-1005G1 8GB DDR 256GB SSD Intel HD Graphics FHD DOS серый;https://www.kivano.kg//images/product/92694/1622360844_90609500.jpg;43560 сом;На складе;В корзину;Онлайн кредит;Купить
Ноутбук HP 15S-FQ2039UR Intel Core i3-1115G4 8GB DDR4 512GB SSD FHD W10 Silver;https://www.kivano.kg//images/product/93974/1623295572_97481600.jpg;55720 сом;На складе;В корзину;Онлайн кредит;Купить
Ноутбук HP 250 G7 Intel Core i3-8130U 8GB DDR4 512GB SSD NVIDIA MX110 FHD DOS;https://www.kivano.kg//images/product/83223/1598527664_49139900.jpg;55720 сом;На складе;В корзину;Онлайн кредит;Купить
Ноутбук Lenovo Ideapad V15-IIL Intel Core i3-1005G1 8GB DDR 512GB SSD Intel HD Graphics FHD DOS серый;https://www.kivano.kg//images/product/92695/1622360810_48365800.jpg;47460 сом;На складе;В корзину;Онлайн кредит;Купить
Ноутбук Asus TUF Gaming FX506LI-BI5N5 Intel Core i5-10300H 8GB DDR4 256GB SSD Nvidia GTX 1650Ti 4GB FHD DOS черный;https://www.kivano.kg//images/product/89112/1613705777_59932100.jpg;84770 сом;На складе;В корзину;Онлайн кредит;Купить
Ноутбук HP 340S G7 Intel Core i5-1035G1 8GB DDR4 512GB SSD FHD DOS Silver;https://www.kivano.kg//images/product/93976/1623296215_29943800.jpg;75670 сом;На складе;В корзину;Онлайн кредит;Купить
Ноутбук Asus TUF Gaming FX506LI-BI5N5 Intel Core i5-10300H 8GB DDR4 512GB SSD Nvidia GTX 1650Ti 4GB FHD DOS черный;https://www.kivano.kg//images/product/89113/1613705880_02003100.jpg;86330 сом;На складе;В корзину;Онлайн кредит;Купить
Ноутбук HP 15S-EQ1214UR AMD 3020E 4GB DDR4 128GB SSD DOS Black;https://www.kivano.kg//images/product/91673/1619650826_46332200.png;29780 сом;На складе;В корзину;Онлайн кредит;Купить
Ноутбук Lenovo Ideapad V15-IIL Intel Core i3-1005G1 8GB DDR 500GB HDD Intel HD Graphics FHD DOS серый;https://www.kivano.kg//images/product/92697/1621504331_29712500.png;41370 сом;На складе;В корзину;Онлайн кредит;Купить
Ноутбук Asus TUF Gaming FX506LI-BI5N5 Intel Core i5-10300H 8GB DDR4 1000GB HDD + 256GB SSD Nvidia GTX 1650Ti 4GB FHD DOS черный;https://www.kivano.kg//images/product/89114/1613706036_62983100.jpg;87630 сом;На складе;В корзину;Онлайн кредит;Купить
Ноутбук HP 15S-EQ1214UR AMD 3020E 8GB DDR4 128GB SSD DOS Black;https://www.kivano.kg//images/product/91674/1619650871_06847500.png;31960 сом;На складе;В корзину;Онлайн кредит;Купить
Ноутбук Lenovo Ideapad V15-IIL Intel Core i3-1005G1 8GB DDR 500GB HDD + 128GB SSD Intel HD Graphics FHD DOS серый;https://www.kivano.kg//images/product/92698/1622360775_79215400.jpg;43810 сом;На складе;В корзину;Онлайн кредит;Купить
Ноутбук Asus VivoBook Flip 14 AMD Ryzen 7 5700U 8GB DDR4 512GB SSD AMD Radeon Graphics 8 FHD WIN10 черный;https://www.kivano.kg//images/product/95514/1626934564_07861100.jpg;91260 сом;На складе;В корзину;Онлайн кредит;Купить
Название;Фотки;Цена;Наличии;Корзина;Kредит;Покупка
Ноутбук Sony Vaio VPC-YB2L1R AMD Fusion E-350 2GB DDR3 320GB HDD серебристый;https://www.kivano.kg//images/product/68352/1622355077_67139000.png;19950 сом;На складе;В корзину;Онлайн кредит;Купить
Ноутбук Lenovo IdeaPad L340 AMD Ryzen 5-3500U 4GB DDR 128GB SSD AMD Radeon Vega 8 Graphics FHD DOS черный;https://www.kivano.kg//images/product/96512/1629351967_97341200.png;39630 сом;На складе;В корзину;Онлайн кредит;Купить
Ноутбук Asus X509JA Intel Core i3-1005G1 20GB DDR4 256GB SSD FHD DOS Grey;https://www.kivano.kg//images/product/90625/1617333009_01636100.png;51380 сом;На складе;В корзину;Онлайн кредит;Купить
Ноутбук Lenovo Ideapad 3 15IGL05 Intel Celeron N4120 4GB DDR4 128GB SSD DOS Platinum Grey;https://www.kivano.kg//images/product/92417/1620920685_99540200.jpg;32140 сом;На складе;В корзину;Онлайн кредит;Купить
Ноутбук Asus TUF Dash F15 FX516PE Intel Core  i7-11370H 16GB DDR4 512GB SSD Nvidia RTX3050Ti 4GB FHD DOS серый;https://www.kivano.kg//images/product/94465/1623993247_50916100.png;126280 сом;На складе;В корзину;Онлайн кредит;Купить
Ноутбук Lenovo IdeaPad L340 AMD Ryzen 5-3500U 4GB DDR 1000GB HDD + 128GB SSD AMD Radeon Vega 8 Graphics FHD DOS черный;https://www.kivano.kg//images/product/96513/1629352090_88627500.png;43110 сом;На складе;В корзину;Онлайн кредит;Купить
Ноутбук Lenovo IdeaPad L340 AMD Ryzen 5-3500U 4GB DDR 1000GB HDD + 256GB SSD AMD Radeon Vega 8 Graphics FHD DOS черный;https://www.kivano.kg//images/product/96514/1629352184_23254000.png;44850 сом;На складе;В корзину;Онлайн кредит;Купить
Ноутбук Lenovo IdeaPad L340 AMD Ryzen 5-3500U 4GB DDR 1000GB HDD + 512GB SSD AMD Radeon Vega 8 Graphics FHD DOS черный;https://www.kivano.kg//images/product/96515/1629352276_61994000.png;47460 сом;На складе;В корзину;Онлайн кредит;Купить
Ноутбук Lenovo IdeaPad L340 AMD Ryzen 5-3500U 4GB DDR 1000GB HDD AMD Radeon Vega 8 Graphics FHD DOS черный;https://www.kivano.kg//images/product/96516/1629352395_00340400.png;39630 сом;На складе;В корзину;Онлайн кредит;Купить
Ноутбук Lenovo IdeaPad L340 AMD Ryzen 5-3500U 4GB DDR 256GB SSD AMD Radeon Vega 8 Graphics FHD DOS черный;https://www.kivano.kg//images/product/96517/1629352498_22862800.png;41290 сом;На складе;В корзину;Онлайн кредит;Купить
Ноутбук Lenovo IdeaPad L340 AMD Ryzen 5-3500U 4GB DDR 480GB SSD AMD Radeon Vega 8 Graphics FHD DOS черный;https://www.kivano.kg//images/product/96518/1629352607_81071100.png;43460 сом;На складе;В корзину;Онлайн кредит;Купить
Ноутбук MSI GF63 Thin 9SCSR-898XRU Intel Core i5-9300H 8GB DDR4 1000GB HDD Nvidia GTX 1650Ti 4GB FHD DOS черный;https://www.kivano.kg//images/product/90887/1617961228_50494600.jpg;72640 сом;На складе;В корзину;Онлайн кредит;Купить
Ноутбук Asus X515MA Intel Celeron N4120 8GB DDR4 240GB SSD W10 Grey;https://www.kivano.kg//images/product/92679/1621497953_77010600.png;36420 сом;На складе;В корзину;Онлайн кредит;Купить
Ноутбук Lenovo IdeaPad L340 AMD Ryzen 5-3500U 8GB DDR 128GB SSD AMD Radeon Vega 8 Graphics FHD DOS черный;https://www.kivano.kg//images/product/96519/1629352739_81829300.png;41030 сом;На складе;В корзину;Онлайн кредит;Купить
Ноутбук Asus X515MA Intel Pentium N5030 4GB DDR4 512GB SSD FHD DOS Grey;https://www.kivano.kg//images/product/92680/1621498801_69153200.png;37110 сом;На складе;В корзину;Онлайн кредит;Купить
Ноутбук Lenovo IdeaPad L340 AMD Ryzen 5-3500U 8GB DDR 256GB SSD AMD Radeon Vega 8 Graphics FHD DOS черный;https://www.kivano.kg//images/product/96520/1629352828_95405200.png;43460 сом;На складе;В корзину;Онлайн кредит;Купить
Ноутбук Asus X515MA Intel Pentium N5030 8GB DDR4 512GB SSD FHD DOS Grey;https://www.kivano.kg//images/product/92681/1621498840_52330800.png;39280 сом;На складе;В корзину;Онлайн кредит;Купить
Ноутбук Lenovo IdeaPad L340-15API AMD Ryzen 5 3500U 8GB DDR 1000GB HDD Radeon Vega 8 Graphics HD DOS серый;https://www.kivano.kg//images/product/93193/1622360045_94291800.png;40500 сом;На складе;В корзину;Онлайн кредит;Купить
Ноутбук Lenovo IdeaPad L340 AMD Ryzen 5-3500U 8GB DDR 480GB SSD AMD Radeon Vega 8 Graphics FHD DOS черный;https://www.kivano.kg//images/product/96521/1629352919_46217900.png;45900 сом;На складе;В корзину;Онлайн кредит;Купить
Ноутбук Asus X509JA Intel Core i7-1065G7 8GB DDR4 256GB SSD FHD W10 Slate Gray;https://www.kivano.kg//images/product/87818/1611828874_78165200.png;83040 сом;На складе;В корзину;Онлайн кредит;Купить
Ноутбук Lenovo Ideapad S145-15IIL Intel Core i5-1035G1 8GB DDR4 128GB SSD Intel UHD Graphics FHD DOS Grey;https://www.kivano.kg//images/product/95754/1627618283_83385400.jpg;52240 сом;На складе;В корзину;Онлайн кредит;Купить
Ноутбук Asus Vivobook X413J Intel Core i5-1035G1 8GB DDR4 128GB SSD FHD DOS Transparent Silver;https://www.kivano.kg//images/product/96522/1629360331_43746100.jpg;56150 сом;На складе;В корзину;Онлайн кредит;Купить
Ноутбук Asus Vivobook X413J Intel Core i5-1035G1 8GB DDR4 256GB SSD FHD DOS Transparent Silver;https://www.kivano.kg//images/product/96523/1629360345_96974600.jpg;57020 сом;На складе;В корзину;Онлайн кредит;Купить
Ноутбук Asus X509JA Intel Core i3-1005G1 4GB DDR4 512GB SSD FHD DOS Grey;https://www.kivano.kg//images/product/95500/1626926914_44961100.png;45900 сом;На складе;В корзину;Онлайн кредит;Купить
Ноутбук Asus Vivobook X413J Intel Core i5-1035G1 8GB DDR4 512GB SSD FHD DOS Transparent Silver;https://www.kivano.kg//images/product/96524/1629360359_46137000.jpg;59630 сом;На складе;В корзину;Онлайн кредит;Купить
Ноутбук Asus Vivobook X413J Intel Core i5-1035G1 8GB DDR4 512GB SSD + 128GB SSD FHD DOS Transparent Silver;https://www.kivano.kg//images/product/96525/1629360369_65305100.jpg;62240 сом;На складе;В корзину;Онлайн кредит;Купить
Ноутбук Asus X509JA Intel Core i3-1005G1 12GB DDR4 512GB SSD FHD DOS Grey;https://www.kivano.kg//images/product/95502/1626927083_08460100.png;49380 сом;На складе;В корзину;Онлайн кредит;Купить
Ноутбук Asus Vivobook X413J Intel Core i5-1035G1 8GB DDR4 512GB SSD + 256GB SSD FHD DOS Transparent Silver;https://www.kivano.kg//images/product/96526/1629360382_15035100.jpg;64830 сом;На складе;В корзину;Онлайн кредит;Купить
Ноутбук HP 250 G7 Intel Core i3-8130U 4GB DDR4 1000GB HDD NVIDIA MX110 FHD DOS;https://www.kivano.kg//images/product/83215/1598527561_38289000.jpg;49640 сом;На складе;В корзину;Онлайн кредит;Купить
Ноутбук Lenovo Ideapad V15-IIL Intel Core i3-1005G1 4GB DDR 128GB SSD Intel HD Graphics FHD DOS серый;https://www.kivano.kg//images/product/92687/1622360500_49810000.jpg;39630 сом;На складе;В корзину;Онлайн кредит;Купить
Ноутбук Asus X509JA Intel Core i3-1005G1 20GB DDR4 512GB SSD FHD DOS Grey;https://www.kivano.kg//images/product/95503/1626927119_91429400.png;51900 сом;На складе;В корзину;Онлайн кредит;Купить
Ноутбук Asus Vivobook X413J Intel Core i5-1035G1 8GB DDR4 512GB SSD + 512GB SSD FHD DOS Transparent Silver;https://www.kivano.kg//images/product/96527/1629360403_26556000.jpg;67430 сом;На складе;В корзину;Онлайн кредит;Купить
Ноутбук HP 250 G7 Intel Core i3-8130U 8GB DDR4 1000GB HDD NVIDIA MX110 FHD DOS;https://www.kivano.kg//images/product/83216/1598527579_00911700.jpg;50590 сом;На складе;В корзину;Онлайн кредит;Купить
Ноутбук Lenovo Ideapad V15-IIL Intel Core i3-1005G1 4GB DDR 256GB SSD Intel HD Graphics FHD DOS серый;https://www.kivano.kg//images/product/92688/1622361063_12775200.jpg;41810 сом;На складе;В корзину;Онлайн кредит;Купить
Ноутбук Acer Travelmate B1 TMB118-M Intel Celeron N4120 4GB DDR4 64GB EMMC DOS Black;https://www.kivano.kg//images/product/89617/1614854895_76080400.jpg;26550 сом;На складе;В корзину;Онлайн кредит;Купить
Ноутбук Lenovo Ideapad V15-IIL Intel Core i3-1005G1 4GB DDR 500GB HDD Intel HD Graphics FHD DOS серый;https://www.kivano.kg//images/product/92689/1622361029_46706000.jpg;39630 сом;На складе;В корзину;Онлайн кредит;Купить
Ноутбук HP 250 G7 Intel Core i3-8130U 4GB DDR4 256GB SSD NVIDIA MX110 FHD DOS;https://www.kivano.kg//images/product/83218/1598527607_26219300.jpg;50940 сом;На складе;В корзину;Онлайн кредит;Купить
Ноутбук Lenovo Ideapad V15-IIL Intel Core i3-1005G1 4GB DDR 1000GB HDD Intel HD Graphics FHD DOS серый;https://www.kivano.kg//images/product/92690/1622360994_59259500.jpg;40500 сом;На складе;В корзину;Онлайн кредит;Купить
Ноутбук Lenovo IdeaPad L340 AMD Ryzen 5-3500U 8GB DDR 1000GB HDD AMD Radeon Vega 8 Graphics FHD DOS черный;https://www.kivano.kg//images/product/96530/1629361721_75639900.png;41030 сом;На складе;В корзину;Онлайн кредит;Купить
Ноутбук HP 250 G7 Intel Core i3-8130U 8GB DDR4 256GB SSD NVIDIA MX110 FHD DOS;https://www.kivano.kg//images/product/83219/1598527623_60390800.jpg;53110 сом;На складе;В корзину;Онлайн кредит;Купить
Ноутбук Lenovo Ideapad V15-IIL Intel Core i3-1005G1 4GB DDR 1000GB HDD + 128GB SSD Intel HD Graphics FHD DOS серый;https://www.kivano.kg//images/product/92691/1622360959_11459300.jpg;42240 сом;На складе;В корзину;Онлайн кредит;Купить
Ноутбук Lenovo IdeaPad L340 AMD Ryzen 5-3500U 8GB DDR 1000GB HDD + 128GB SSD AMD Radeon Vega 8 Graphics FHD DOS черный;https://www.kivano.kg//images/product/96531/1629361828_22463700.png;44850 сом;На складе;В корзину;Онлайн кредит;Купить
Ноутбук Lenovo Ideapad V15-IIL Intel Core i3-1005G1 4GB DDR 1000GB HDD + 256GB SSD Intel HD Graphics FHD DOS серый;https://www.kivano.kg//images/product/92692/1622360915_80629700.jpg;43980 сом;На складе;В корзину;Онлайн кредит;Купить
Ноутбук Lenovo IdeaPad L340 AMD Ryzen 5-3500U 8GB DDR 1000GB HDD + 256GB SSD AMD Radeon Vega 8 Graphics FHD DOS черный;https://www.kivano.kg//images/product/96532/1629361924_11915500.png;47460 сом;На складе;В корзину;Онлайн кредит;Купить
Ноутбук HP 250 G7 Intel Core i3-8130U 4GB DDR4 512GB SSD NVIDIA MX110 FHD DOS;https://www.kivano.kg//images/product/83221/1598527649_69593500.jpg;53550 сом;На складе;В корзину;Онлайн кредит;Купить
Ноутбук Lenovo Ideapad V15-IIL Intel Core i3-1005G1 8GB DDR 128GB SSD Intel HD Graphics FHD DOS серый;https://www.kivano.kg//images/product/92693/1622360883_75164400.jpg;41370 сом;На складе;В корзину;Онлайн кредит;Купить
Ноутбук Lenovo IdeaPad L340 AMD Ryzen 5-3500U 8GB DDR 1000GB HDD + 512GB SSD AMD Radeon Vega 8 Graphics FHD DOS черный;https://www.kivano.kg//images/product/96533/1629362020_28998800.png;50070 сом;На складе;В корзину;Онлайн кредит;Купить
Ноутбук Lenovo Ideapad V15-IIL Intel Core i3-1005G1 8GB DDR 256GB SSD Intel HD Graphics FHD DOS серый;https://www.kivano.kg//images/product/92694/1622360844_90609500.jpg;43560 сом;На складе;В корзину;Онлайн кредит;Купить
Ноутбук HP 15S-FQ2039UR Intel Core i3-1115G4 8GB DDR4 512GB SSD FHD W10 Silver;https://www.kivano.kg//images/product/93974/1623295572_97481600.jpg;55720 сом;На складе;В корзину;Онлайн кредит;Купить
Ноутбук HP 250 G7 Intel Core i3-8130U 8GB DDR4 512GB SSD NVIDIA MX110 FHD DOS;https://www.kivano.kg//images/product/83223/1598527664_49139900.jpg;55720 сом;На складе;В корзину;Онлайн кредит;Купить
Ноутбук Lenovo Ideapad V15-IIL Intel Core i3-1005G1 8GB DDR 512GB SSD Intel HD Graphics FHD DOS серый;https://www.kivano.kg//images/product/92695/1622360810_48365800.jpg;47460 сом;На складе;В корзину;Онлайн кредит;Купить
Ноутбук Asus TUF Gaming FX506LI-BI5N5 Intel Core i5-10300H 8GB DDR4 256GB SSD Nvidia GTX 1650Ti 4GB FHD DOS черный;https://www.kivano.kg//images/product/89112/1613705777_59932100.jpg;84770 сом;На складе;В корзину;Онлайн кредит;Купить
Ноутбук HP 340S G7 Intel Core i5-1035G1 8GB DDR4 512GB SSD FHD DOS Silver;https://www.kivano.kg//images/product/93976/1623296215_29943800.jpg;75670 сом;На складе;В корзину;Онлайн кредит;Купить
Ноутбук Asus TUF Gaming FX506LI-BI5N5 Intel Core i5-10300H 8GB DDR4 512GB SSD Nvidia GTX 1650Ti 4GB FHD DOS черный;https://www.kivano.kg//images/product/89113/1613705880_02003100.jpg;86330 сом;На складе;В корзину;Онлайн кредит;Купить
Ноутбук HP 15S-EQ1214UR AMD 3020E 4GB DDR4 128GB SSD DOS Black;https://www.kivano.kg//images/product/91673/1619650826_46332200.png;29780 сом;На складе;В корзину;Онлайн кредит;Купить
Ноутбук Lenovo Ideapad V15-IIL Intel Core i3-1005G1 8GB DDR 500GB HDD Intel HD Graphics FHD DOS серый;https://www.kivano.kg//images/product/92697/1621504331_29712500.png;41370 сом;На складе;В корзину;Онлайн кредит;Купить
Ноутбук Asus TUF Gaming FX506LI-BI5N5 Intel Core i5-10300H 8GB DDR4 1000GB HDD + 256GB SSD Nvidia GTX 1650Ti 4GB FHD DOS черный;https://www.kivano.kg//images/product/89114/1613706036_62983100.jpg;87630 сом;На складе;В корзину;Онлайн кредит;Купить
Ноутбук HP 15S-EQ1214UR AMD 3020E 8GB DDR4 128GB SSD DOS Black;https://www.kivano.kg//images/product/91674/1619650871_06847500.png;31960 сом;На складе;В корзину;Онлайн кредит;Купить
Ноутбук Lenovo Ideapad V15-IIL Intel Core i3-1005G1 8GB DDR 500GB HDD + 128GB SSD Intel HD Graphics FHD DOS серый;https://www.kivano.kg//images/product/92698/1622360775_79215400.jpg;43810 сом;На складе;В корзину;Онлайн кредит;Купить
Ноутбук Asus VivoBook Flip 14 AMD Ryzen 7 5700U 8GB DDR4 512GB SSD AMD Radeon Graphics 8 FHD WIN10 черный;https://www.kivano.kg//images/product/95514/1626934564_07861100.jpg;91260 сом;На складе;В корзину;Онлайн кредит;Купить
